RunId,Success,Duration,TotalTrucks,TotalParcels,MinInterarrival,MaxBeltLoad,MaxStationLoad,AvgProcessingTime,StationLoadStdDev
1,1,28800,68,6971,65,170,50,4.98,141.98
2,1,28800,57,5576,21,142,50,4.99,69.03
3,0,21815,44,4538,1,300,50,5.02,132.24
4,1,28800,71,6777,6,264,50,5.00,97.13
5,1,28800,78,7680,10,260,50,4.99,141.76
6,0,18712,36,3796,37,300,50,4.99,108.59
7,1,28800,70,7200,1,294,50,4.98,152.84
8,1,28800,60,6118,2,239,50,5.01,153.83
9,0,16509,33,3393,15,300,50,5.00,77.63
10,0,14492,42,4204,1,300,50,4.99,95.59
11,1,28800,65,6473,3,228,50,5.01,132.71
12,0,26506,55,5274,4,300,50,4.98,112.42
13,1,28800,54,5266,7,219,50,5.02,120.48
14,1,28800,60,6033,7,282,50,4.99,178.41
15,1,28800,69,6580,4,295,50,5.01,109.37
16,0,5137,14,1567,26,300,50,4.94,46.08
17,0,19129,40,3941,8,300,50,5.00,70.51
18,1,28800,61,5867,2,222,50,5.02,95.25
19,0,8058,28,2702,8,300,50,5.05,59.37
20,1,28800,62,6064,25,243,50,5.00,128.71
21,1,28800,50,4907,2,273,50,5.01,133.71
22,1,28800,59,5824,22,264,50,5.01,149.33
23,1,28800,64,6241,6,210,50,5.00,138.53
24,1,28800,70,7066,7,193,50,4.98,102.20
25,0,15473,27,2662,12,300,50,5.02,75.58
26,1,28800,68,6772,1,193,50,5.00,141.81
27,0,11703,32,2996,2,300,50,4.98,70.11
28,1,28800,69,7094,1,258,50,5.01,158.53
29,1,28800,52,5456,15,245,50,4.95,114.68
30,0,12081,23,2316,8,300,50,5.10,76.02
31,0,605,4,421,42,300,50,4.93,19.09
32,1,28800,61,6313,6,295,50,4.97,113.51
33,1,28800,62,5940,7,256,50,4.98,140.31
34,1,28800,59,6044,4,258,50,5.01,126.45
35,1,28800,61,5757,17,255,50,5.01,79.81
36,1,28800,68,6463,3,171,50,4.97,129.51
37,1,28800,63,6588,6,281,50,4.97,104.45
38,1,28800,71,6651,2,204,50,4.99,140.74
39,0,20565,44,4425,5,300,50,4.98,89.99
40,0,7265,18,1852,6,300,50,5.05,60.44
41,1,28800,53,5310,65,189,50,4.99,115.55
42,1,28800,52,5067,12,164,50,5.05,103.41
43,0,7481,18,1903,8,300,50,4.98,66.77
44,1,28800,52,5104,1,203,50,5.01,85.00
45,1,28800,69,7258,1,278,50,5.01,161.87
46,1,28800,49,5101,14,237,50,5.04,113.96
47,1,28800,55,5767,1,208,50,5.02,148.66
48,0,16120,38,3883,27,300,50,4.95,87.62
49,1,28800,65,6078,7,166,50,5.01,134.57
50,0,2109,11,1209,46,300,50,5.05,41.41
51,1,28800,72,6706,1,227,50,5.01,128.48
52,1,28800,75,7632,11,236,50,5.04,159.24
53,0,3444,8,920,16,300,50,4.91,37.14
54,0,17017,40,3891,15,300,50,5.01,110.76
55,1,28800,66,6836,1,293,50,5.01,137.14
56,1,28800,63,6085,22,208,50,4.97,141.10
57,1,28800,57,5717,11,203,50,4.97,127.61
58,0,5989,18,1827,22,300,50,4.99,61.36
59,1,28800,54,5465,3,185,50,4.99,117.80
60,1,28800,67,6648,1,260,50,5.00,144.43
61,1,28800,59,5902,11,196,50,5.01,114.42
62,0,2798,8,781,26,300,50,5.10,35.85
63,0,27159,62,6136,6,300,50,5.05,124.18
64,1,28800,47,4780,5,173,50,5.02,87.70
65,0,19849,42,4308,9,300,50,5.03,80.68
66,0,21253,59,6083,4,300,50,5.03,143.34
67,0,16454,41,4316,4,300,50,5.00,100.28
68,0,2042,6,547,11,300,50,5.18,30.51
69,1,28800,67,6805,1,289,50,5.00,113.51
70,1,28800,64,6359,3,251,50,5.00,120.36
71,1,28800,67,6531,8,296,50,4.99,156.01
72,1,28800,51,5046,25,164,50,4.99,116.87
73,0,13985,22,2075,14,300,50,5.03,78.49
74,1,28800,58,5974,14,181,50,5.04,152.11
75,0,16910,41,4110,13,300,50,4.99,119.13
76,1,28800,66,6689,6,268,50,5.00,139.05
77,0,22007,50,4955,5,300,50,4.98,146.44
78,1,28800,63,6415,2,224,50,4.98,123.72
79,1,28800,63,5918,18,156,50,4.99,135.25
80,1,28800,54,5303,3,212,50,4.97,128.33
81,1,28800,74,7496,6,268,50,5.01,105.97
82,1,28800,63,6386,7,232,50,5.01,127.96
83,1,28800,57,5848,2,237,50,5.04,134.67
84,1,28800,62,6106,7,217,50,4.99,132.13
85,1,28800,55,5399,11,225,50,4.98,109.07
86,0,28667,75,7294,1,300,50,5.02,131.91
87,1,28800,55,5445,30,231,50,4.98,126.33
88,1,28800,60,6020,2,215,50,4.97,126.52
89,1,28800,44,4356,7,205,50,5.01,99.79
90,1,28800,69,6861,11,273,50,4.98,136.55
91,1,28800,56,5499,13,220,50,5.00,104.59
92,1,28800,57,5632,11,264,50,5.00,140.42
93,1,28800,66,6663,7,231,50,5.02,120.64
94,0,2462,11,1157,21,300,50,4.96,45.32
95,0,7182,23,2212,10,300,50,4.99,67.61
96,1,28800,65,6513,8,200,50,5.01,127.87
97,1,28800,59,6283,9,203,50,5.02,95.06
98,1,28800,61,5647,18,159,50,5.03,135.98
99,1,28800,60,5991,2,260,50,4.98,108.57
100,1,28800,55,5836,9,167,50,5.01,120.24
101,1,28800,62,6436,1,181,50,4.99,114.50
102,1,28800,61,6246,13,214,50,5.02,151.42
103,0,4318,15,1467,1,300,50,4.97,52.19
104,1,28800,59,6111,7,279,50,5.02,117.39
105,0,424,5,456,1,300,50,5.09,18.05
106,1,28800,55,5635,26,216,50,5.01,147.90
107,1,28800,55,5678,11,200,50,5.03,118.30
108,1,28800,65,6643,5,240,50,5.01,135.83
109,1,28800,53,5418,25,165,50,5.01,139.18
110,1,28800,80,7789,7,229,50,5.00,109.06
111,1,28800,53,5322,5,206,50,4.98,95.11
112,1,28800,65,6840,10,235,50,5.03,163.05
113,0,25256,56,5859,2,300,50,5.00,108.13
114,1,28800,65,6798,17,258,50,5.00,147.18
115,1,28800,59,6078,13,185,50,5.00,136.31
116,1,28800,75,7483,17,237,50,5.00,181.24
117,1,28800,61,5984,4,218,50,5.03,107.76
118,1,28800,64,6501,15,257,50,5.00,144.64
119,1,28800,69,6861,4,261,50,5.00,128.64
120,1,28800,53,5140,27,164,50,5.00,103.01
121,1,28800,81,7857,2,242,50,5.02,145.96
122,1,28800,67,6825,1,251,50,4.98,122.99
123,0,10190,25,2671,8,300,50,5.04,54.27
124,1,28800,56,5789,3,225,50,5.01,99.45
125,1,28800,58,5803,9,234,50,4.95,188.37
126,0,21699,53,5620,15,300,50,4.97,127.72
127,1,28800,61,6215,1,221,50,5.02,104.17
128,0,1546,5,493,18,300,50,5.02,17.83
129,0,5458,15,1591,35,300,50,5.03,59.23
130,1,28800,69,6606,7,242,50,4.99,127.78
131,0,2665,7,717,44,300,50,4.95,30.23
132,0,26320,63,6337,5,300,50,4.96,86.93
133,1,28800,57,5416,12,228,50,4.97,126.84
134,1,28800,64,6082,11,237,50,4.98,113.91
135,0,25702,46,4479,2,300,50,5.03,99.26
136,1,28800,66,6348,19,192,50,5.00,108.33
137,0,24870,52,5197,22,300,50,5.02,126.56
138,1,28800,65,6728,2,259,50,5.00,141.30
139,1,28800,57,5438,15,242,50,5.02,124.59
140,0,6414,21,2271,6,300,50,5.06,74.68
141,1,28800,66,6800,1,268,50,4.98,160.54
142,1,28800,57,5536,2,198,50,5.00,118.02
143,1,28800,59,6080,5,298,50,4.99,130.20
144,1,28800,68,6907,9,257,50,5.00,129.11
145,0,7824,19,1814,37,300,50,5.04,61.59
146,1,28800,75,7352,2,236,50,5.01,116.88
147,1,28800,67,6713,1,245,50,5.02,165.35
148,1,28800,78,7617,3,246,50,5.01,142.30
149,1,28800,55,5551,7,272,50,4.99,116.73
150,1,28800,59,5755,22,219,50,4.98,145.00
151,0,9885,16,1583,8,300,50,5.01,58.94
152,0,9220,24,2406,22,300,50,4.95,75.35
153,1,28800,74,7375,2,267,50,5.01,116.71
154,1,28800,56,5327,12,246,50,5.01,122.71
155,0,24380,61,6169,5,300,50,5.03,117.86
156,1,28800,73,7369,1,268,50,5.00,126.22
157,0,2975,14,1465,1,300,50,4.92,59.18
158,1,28800,62,6093,4,257,50,4.99,106.19
159,1,28800,63,6317,4,281,50,4.99,116.80
160,1,28800,63,6133,15,154,50,4.99,158.49
161,1,28800,49,4784,9,164,50,5.02,117.99
162,1,28800,60,6323,4,213,50,4.99,106.62
163,1,28800,57,5680,5,204,50,5.01,91.77
164,1,28800,76,7529,1,297,50,4.99,151.80
165,1,28800,58,5860,1,192,50,5.00,103.01
166,0,12620,32,3132,2,300,50,5.04,71.83
167,1,28800,63,6291,15,254,50,5.04,156.31
168,1,28800,59,6003,1,270,50,4.97,136.37
169,1,28800,63,6487,18,192,50,5.02,121.21
170,1,28800,61,6276,6,279,50,5.00,132.51
171,1,28800,65,6934,4,256,50,4.99,153.10
172,1,28800,66,6943,11,228,50,5.00,126.95
173,1,28800,55,5521,27,192,50,5.01,122.42
174,0,7136,20,1893,1,300,50,5.02,73.58
175,1,28800,59,5916,6,220,50,4.98,116.98
176,1,28800,57,5741,17,227,50,4.99,111.30
177,0,2920,9,990,8,300,50,5.04,47.45
178,0,5964,21,2096,3,300,50,4.97,53.91
179,1,28800,75,7489,6,245,50,4.99,179.78
180,0,27675,73,7181,4,300,50,4.99,114.23
181,0,2688,10,1002,36,300,50,4.99,51.79
182,0,27174,57,6047,3,300,50,5.01,137.99
183,1,28800,61,6239,8,215,50,4.99,143.91
184,1,28800,62,5935,4,221,50,4.99,93.27
185,1,28800,69,6588,2,169,50,5.05,130.79
186,1,28800,61,6266,10,233,50,5.00,112.67
187,1,28800,49,5087,18,260,50,4.98,137.88
188,1,28800,69,6735,2,236,50,5.02,123.70
189,1,28800,69,6759,2,277,50,5.00,167.06
190,1,28800,72,6971,12,189,50,5.01,104.50
191,0,27539,59,5960,9,300,50,5.01,103.07
192,1,28800,63,6378,13,163,50,4.97,114.82
193,0,20382,38,3936,1,300,50,5.01,107.42
194,0,10187,23,2269,6,300,50,5.05,74.39
195,1,28800,62,5981,8,232,50,4.97,114.64
196,0,2805,12,1221,18,300,50,4.99,46.73
197,1,28800,61,6064,9,227,50,4.99,138.89
198,1,28800,69,7070,8,267,50,4.98,119.85
199,1,28800,66,6860,39,245,50,4.99,116.75
200,0,26635,58,6062,17,300,50,4.99,99.90
201,1,28800,68,6883,1,255,50,4.97,133.56
202,1,28800,64,5949,6,150,50,5.04,125.35
203,1,28800,60,5666,1,229,50,4.98,104.40
204,1,28800,66,6874,6,279,50,5.00,102.77
205,1,28800,69,6587,1,238,50,5.02,93.19
206,1,28800,60,6049,1,181,50,5.01,113.31
207,1,28800,50,5138,12,261,50,4.96,115.28
208,1,28800,63,6477,8,199,50,4.99,100.46
209,1,28800,72,7271,3,288,50,5.00,98.36
210,0,5968,12,1260,8,300,50,5.03,43.78
211,1,28800,53,5804,13,267,50,5.03,87.64
212,1,28800,59,5880,12,175,50,5.01,132.34
213,0,4076,15,1426,10,300,50,4.91,47.69
214,0,11175,27,2804,4,300,50,5.03,117.48
215,1,28800,69,6982,5,211,50,4.99,144.12
216,1,28800,67,6592,1,257,50,5.00,134.82
217,1,28800,55,5409,16,255,50,5.04,115.38
218,1,28800,59,5915,6,243,50,5.02,116.66
219,1,28800,78,7437,4,235,50,5.03,124.60
220,1,28800,81,8053,1,252,50,4.96,137.87
221,0,11235,31,3118,5,300,50,5.02,90.72
222,1,28800,76,7550,4,299,50,4.97,160.04
223,0,2554,10,908,37,300,50,5.04,44.14
224,1,28800,62,5885,9,227,50,5.01,147.20
225,1,28800,66,6322,18,201,50,5.02,135.03
226,1,28800,61,6155,1,257,50,5.02,114.16
227,1,28800,74,7189,1,278,50,4.99,150.29
228,1,28800,71,7363,11,219,50,5.03,120.44
229,1,28800,76,7285,3,200,50,4.99,141.00
230,0,7764,18,1867,10,300,50,5.01,75.15
231,1,28800,70,7154,27,223,50,5.01,140.90
232,1,28800,65,6409,19,180,50,5.01,138.26
233,1,28800,51,5047,5,203,50,4.98,142.98
234,0,24912,57,5736,2,300,50,5.01,86.38
235,1,28800,52,4767,8,239,50,5.01,106.84
236,1,28800,62,6215,1,211,50,5.01,109.65
237,0,1680,9,940,8,300,50,5.01,36.08
238,1,28800,64,6430,18,202,50,4.98,148.95
239,1,28800,63,6163,22,200,50,4.99,92.76
240,1,28800,64,6426,10,209,50,5.04,116.32
241,0,13621,27,2828,31,300,50,5.03,76.60
242,0,15717,46,4612,12,300,50,5.02,109.82
243,1,28800,53,5230,2,278,50,5.01,115.03
244,1,28800,54,5279,2,184,50,4.98,90.18
245,1,28800,73,7129,10,265,50,5.01,116.41
246,1,28800,69,6714,6,287,50,5.02,96.20
247,1,28800,61,6127,5,280,50,5.02,128.33
248,1,28800,55,5326,3,229,50,5.02,90.65
249,1,28800,69,6974,19,217,50,5.02,94.73
250,1,28800,68,7130,1,266,50,4.97,144.57
251,0,9496,30,2858,17,300,50,4.99,82.35
252,1,28800,52,5299,6,245,50,5.02,87.89
253,1,28800,67,6659,8,237,50,4.98,160.76
254,1,28800,56,5686,3,293,50,5.00,160.25
255,1,28800,67,6809,17,223,50,4.99,142.76
256,0,17597,43,4143,4,300,50,5.03,83.00
257,1,28800,68,6613,31,199,50,5.00,138.26
258,1,28800,49,4923,58,190,50,5.02,95.25
259,0,26424,68,7038,1,300,50,4.99,90.59
260,1,28800,54,5247,11,181,50,5.00,130.25
261,1,28800,64,6390,1,297,50,5.02,97.53
262,0,26642,66,6562,1,300,50,5.00,106.34
263,1,28800,62,6306,4,288,50,4.96,107.05
264,0,5892,23,2276,8,300,50,5.05,74.86
265,0,23289,46,4756,2,300,50,4.98,131.10
266,0,17478,39,4090,4,300,50,4.99,89.36
267,1,28800,79,7560,1,299,50,4.98,113.59
268,0,8031,24,2423,2,300,50,4.95,53.65
269,1,28800,72,7174,8,192,50,4.99,130.64
270,0,1071,8,710,1,300,50,5.02,30.06
271,1,28800,70,7110,11,244,50,4.98,136.91
272,1,28800,52,5379,3,235,50,5.04,129.47
273,1,28800,68,6529,1,269,50,5.02,121.86
274,0,27460,63,6506,2,300,50,5.00,144.88
275,1,28800,53,4957,3,210,50,5.01,101.80
276,0,19113,51,5324,13,300,50,4.98,135.26
277,1,28800,67,6673,7,294,50,5.00,137.17
278,1,28800,61,6046,8,172,50,5.00,122.89
279,0,9768,26,2649,30,300,50,4.96,84.86
280,1,28800,69,6756,6,286,50,5.03,162.73
281,0,6825,12,1294,16,300,50,5.04,48.22
282,0,6774,24,2202,3,300,50,4.97,60.10
283,1,28800,71,7193,1,251,50,5.01,131.00
284,1,28800,63,6236,24,208,50,5.02,129.97
285,1,28800,69,6605,2,248,50,5.00,118.17
286,1,28800,59,5667,4,192,50,5.01,154.29
287,1,28800,74,7184,12,226,50,5.02,140.02
288,1,28800,63,6189,5,263,50,4.99,131.33
289,1,28800,64,5998,10,284,50,5.01,121.41
290,0,28702,59,5798,10,300,50,4.98,100.66
291,1,28800,56,5598,5,206,50,5.02,108.59
292,0,5932,14,1325,28,300,50,4.96,47.59
293,0,9842,18,1829,12,300,50,4.99,56.47
294,1,28800,57,5953,9,260,50,5.03,110.93
295,1,28800,58,5885,1,228,50,5.00,123.57
296,0,12452,24,2223,16,300,50,4.94,61.55
297,1,28800,57,5527,6,191,50,5.02,107.05
298,0,6847,14,1337,22,300,50,5.14,45.80
299,0,27968,74,7396,3,300,50,4.99,119.74
300,1,28800,82,8163,8,231,50,5.00,141.27
301,1,28800,63,6150,1,281,50,5.00,85.27
302,1,28800,57,5478,31,142,50,4.95,85.73
303,1,28800,53,5077,1,210,50,5.02,106.74
304,1,28800,52,5237,16,280,50,4.97,107.49
305,0,25109,56,5552,7,300,50,4.95,97.55
306,1,28800,59,6090,11,183,50,4.99,111.56
307,1,28800,65,6324,6,216,50,5.02,108.25
308,0,22101,53,5217,4,300,50,5.03,96.12
309,1,28800,62,6044,9,235,50,5.04,96.46
310,0,2943,8,854,1,300,50,5.00,35.14
311,0,4981,17,1546,11,300,50,4.96,52.92
312,1,28800,72,7189,5,195,50,5.06,133.71
313,1,28800,64,6393,2,274,50,5.01,126.01
314,1,28800,62,5955,10,266,50,4.99,142.77
315,1,28800,56,5453,24,190,50,5.04,127.34
316,1,28800,74,7422,11,295,50,5.01,165.17
317,0,15988,43,4200,2,300,50,5.02,96.90
318,1,28800,51,5352,12,287,50,4.99,113.56
319,0,4124,11,1199,1,300,50,5.07,50.05
320,1,28800,66,6369,3,269,50,5.00,127.55
321,1,28800,64,6390,2,235,50,5.00,127.26
322,0,3547,14,1252,19,300,50,5.05,37.70
323,1,28800,74,7602,3,276,50,4.98,153.61
324,1,28800,66,6846,3,217,50,4.97,122.61
325,0,2446,11,982,15,300,50,5.06,40.90
326,1,28800,55,5371,4,244,50,5.01,111.23
327,1,28800,66,6517,13,187,50,4.96,93.87
328,1,28800,63,5862,25,216,50,5.00,111.74
329,1,28800,58,5630,1,259,50,4.97,144.40
330,1,28800,71,7108,6,213,50,5.00,110.41
331,1,28800,72,7357,6,243,50,4.99,108.93
332,0,17368,40,4041,8,300,50,5.04,100.89
333,1,28800,65,6590,6,283,50,5.00,199.69
334,0,11516,33,3407,1,300,50,5.02,94.72
335,1,28800,66,6382,6,202,50,5.00,128.05
336,1,28800,74,7645,5,287,50,5.01,115.07
337,0,10047,29,2843,5,300,50,4.96,71.56
338,0,13603,35,3489,8,300,50,4.97,101.00
339,1,28800,69,6947,11,204,50,4.99,129.53
340,1,28800,46,4538,1,252,50,5.01,93.39
341,1,28800,62,6254,8,236,50,4.96,123.26
342,1,28800,63,6588,7,247,50,5.03,198.25
343,1,28800,64,6031,1,179,50,5.02,141.73
344,1,28800,64,6361,1,229,50,4.98,130.95
345,1,28800,51,5033,14,271,50,4.98,109.46
346,1,28800,59,6017,13,178,50,4.98,120.22
347,0,3461,14,1430,6,300,50,5.00,63.83
348,1,28800,49,4852,5,171,50,4.98,78.85
349,0,5983,14,1325,1,300,50,4.99,46.76
350,1,28800,73,7489,3,247,50,5.01,146.38
351,0,15584,22,2384,31,300,50,5.05,92.69
352,1,28800,62,5790,2,260,50,5.00,98.72
353,1,28800,68,6842,8,277,50,4.99,142.18
354,0,25220,54,5353,1,300,50,5.02,100.92
355,0,3846,16,1414,11,300,50,5.09,49.94
356,0,4494,17,1570,15,300,50,4.97,53.21
357,1,28800,45,4587,2,215,50,4.96,141.52
358,0,12807,32,3201,1,300,50,4.99,111.36
359,1,28800,69,6723,2,236,50,4.98,138.25
360,0,423,5,501,8,300,50,4.63,22.86
361,1,28800,55,5492,3,272,50,4.98,109.01
362,1,28800,78,7735,1,272,50,5.00,113.39
363,1,28800,55,5512,6,200,50,4.99,112.99
364,1,28800,63,6122,18,228,50,4.98,117.34
365,1,28800,78,7874,3,258,50,5.00,184.49
366,0,20149,45,4768,11,300,50,5.01,76.63
367,1,28800,68,6688,2,249,50,4.99,103.20
368,0,20205,44,4625,14,300,50,4.99,123.32
369,1,28800,70,7167,18,277,50,5.03,144.00
370,0,2031,10,900,11,300,50,4.99,34.30
371,1,28800,80,7929,18,263,50,4.99,146.21
372,1,28800,55,5413,5,290,50,5.00,132.62
373,1,28800,62,6315,19,205,50,5.05,111.02
374,1,28800,66,6408,8,257,50,5.03,162.69
375,1,28800,58,5492,3,203,50,5.00,103.32
376,1,28800,59,6041,1,173,50,5.00,110.29
377,1,28800,55,5829,1,281,50,5.01,135.93
378,1,28800,66,6592,1,271,50,5.01,113.34
379,0,11883,33,3148,4,300,50,5.02,96.40
380,0,24108,55,5818,3,300,50,5.01,144.74
381,1,28800,57,5660,7,203,50,5.00,122.99
382,1,28800,52,5469,4,215,50,5.02,107.74
383,1,28800,63,6263,13,174,50,5.03,126.24
384,0,8329,23,1961,12,300,50,5.02,47.81
385,1,28800,46,4665,3,189,50,4.98,106.42
386,0,6141,19,2036,47,300,50,5.00,51.95
387,0,1379,6,687,24,300,50,5.01,32.99
388,1,28800,75,7595,1,268,50,4.99,135.81
389,1,28800,49,4820,8,256,50,5.01,99.80
390,1,28800,59,5957,2,286,50,4.97,101.41
391,0,25686,67,7191,1,300,50,5.00,102.87
392,1,28800,62,6097,5,281,50,5.00,162.88
393,0,13277,45,4342,7,300,50,5.01,88.81
394,1,28800,53,5137,34,214,50,5.01,120.11
395,1,28800,66,6619,6,229,50,5.01,127.99
396,1,28800,65,6394,9,259,50,5.01,138.83
397,0,13501,41,4202,2,300,50,5.00,116.29
398,1,28800,60,5989,1,237,50,4.96,150.78
399,1,28800,63,6230,1,195,50,5.02,104.48
400,1,28800,64,6260,2,172,50,5.01,125.04
401,1,28800,61,6084,1,293,50,5.01,175.77
402,1,28800,52,5392,3,192,50,5.00,119.53
403,1,28800,56,5700,1,252,50,4.99,90.96
404,0,25415,66,6475,5,300,50,4.99,105.15
405,1,28800,53,5713,10,248,50,5.00,116.05
406,0,13818,40,3999,4,300,50,5.04,76.37
407,1,28800,83,7976,8,248,50,4.98,138.70
408,1,28800,63,6152,5,215,50,4.98,140.50
409,0,20140,44,4298,3,300,50,4.99,149.49
410,1,28800,72,7305,9,250,50,5.00,86.22
411,0,2658,10,989,22,300,50,5.06,41.19
412,1,28800,72,7139,7,284,50,5.02,119.45
413,0,9690,29,2657,17,300,50,4.99,84.55
414,1,28800,70,7299,1,230,50,5.02,147.61
415,1,28800,62,6275,2,289,50,4.99,98.30
416,1,28800,75,7375,10,284,50,5.02,177.89
417,1,28800,71,7153,8,239,50,5.01,111.56
418,0,26920,70,7302,12,300,50,4.96,99.90
419,1,28800,68,7091,1,242,50,5.02,121.10
420,1,28800,68,6724,3,250,50,4.99,96.95
421,1,28800,52,4949,1,269,50,4.97,127.26
422,0,24523,58,5397,1,300,50,5.00,120.79
423,1,28800,64,6193,17,216,50,5.01,122.98
424,1,28800,60,6053,33,220,50,5.01,123.43
425,1,28800,70,6459,6,215,50,5.03,123.52
426,1,28800,59,5736,7,211,50,4.96,102.45
427,1,28800,68,6637,20,206,50,5.01,126.48
428,0,2329,8,743,25,300,50,4.96,29.44
429,0,1739,5,628,39,300,50,4.97,27.49
430,1,28800,70,7264,2,252,50,5.02,154.17
431,1,28800,59,6022,18,267,50,4.99,157.85
432,0,16479,42,4245,11,300,50,5.01,87.17
433,1,28800,66,6475,6,192,50,4.99,119.59
434,1,28800,65,6674,4,233,50,5.00,130.65
435,1,28800,55,5194,12,242,50,4.99,141.21
436,1,28800,47,4760,29,187,50,5.02,84.48
437,1,28800,75,7585,7,271,50,4.99,104.71
438,1,28800,64,6161,22,227,50,5.03,77.28
439,0,16874,43,4403,3,300,50,4.94,111.60
440,1,28800,56,5653,4,231,50,5.04,119.44
441,0,9275,14,1349,7,300,50,4.99,39.65
442,0,19255,41,4252,1,300,50,5.00,94.75
443,0,26426,47,4914,8,300,50,5.00,95.11
444,1,28800,69,6811,4,223,50,5.00,92.47
445,1,28800,66,6766,1,234,50,5.03,137.36
446,1,28800,76,7696,4,225,50,5.01,126.16
447,1,28800,59,5871,3,218,50,5.02,110.86
448,1,28800,59,6271,7,199,50,4.96,118.64
449,0,268,5,469,12,300,50,5.01,18.84
450,1,28800,56,5491,12,252,50,5.03,95.34
451,1,28800,57,5475,14,248,50,4.99,116.89
452,1,28800,59,5849,4,181,50,5.03,113.67
453,1,28800,64,6094,3,246,50,5.00,136.43
454,1,28800,56,5642,4,276,50,4.98,95.96
455,0,28112,62,6212,1,300,50,4.98,151.73
456,1,28800,76,7899,9,278,50,4.98,192.85
457,0,15331,44,4630,6,300,50,5.01,140.71
458,1,28800,66,6686,5,208,50,4.98,159.64
459,0,11623,23,2347,13,300,50,5.02,67.08
460,1,28800,64,6261,5,222,50,4.99,133.82
461,1,28800,66,6884,12,271,50,5.02,126.24
462,1,28800,65,6285,4,216,50,4.99,92.18
463,1,28800,50,4921,17,164,50,4.97,129.37
464,0,28120,53,5100,9,300,50,5.01,108.45
465,1,28800,63,6282,22,244,50,4.99,115.99
466,1,28800,65,6448,9,248,50,5.00,145.58
467,0,2995,11,1030,31,300,50,4.97,41.97
468,0,16952,35,3468,11,300,50,4.99,81.76
469,1,28800,75,7080,10,257,50,5.03,103.21
470,1,28800,69,6967,3,255,50,5.00,147.73
471,0,9124,18,2022,16,300,50,4.99,64.62
472,1,28800,68,6788,1,209,50,5.01,146.95
473,1,28800,53,5249,3,249,50,5.04,105.36
474,1,28800,65,6342,2,237,50,5.00,99.19
475,1,28800,85,8341,4,285,50,4.97,136.75
476,1,28800,62,6301,23,169,50,4.99,143.58
477,1,28800,62,6108,8,175,50,5.00,127.60
478,0,2072,8,768,28,300,50,5.07,38.19
479,1,28800,64,6204,5,249,50,5.00,120.66
480,0,17925,53,5097,18,300,50,4.93,99.97
481,1,28800,63,6023,2,210,50,5.01,138.21
482,1,28800,62,6137,10,229,50,5.02,102.65
483,1,28800,56,5870,1,263,50,5.01,110.44
484,1,28800,61,6323,4,208,50,4.98,135.15
485,0,21020,49,4968,6,300,50,5.02,87.52
486,1,28800,68,6645,12,229,50,4.99,86.66
487,0,17660,47,4994,3,300,50,5.00,131.34
488,1,28800,52,5180,10,297,50,4.99,136.25
489,1,28800,61,5982,5,178,50,5.03,116.87
490,1,28800,52,5393,26,184,50,5.03,121.94
491,1,28800,55,5542,9,295,50,5.00,94.13
492,1,28800,63,6456,11,265,50,4.96,102.45
493,1,28800,69,6948,3,196,50,5.02,119.98
494,1,28800,67,6617,7,238,50,4.99,135.35
495,1,28800,67,6593,10,202,50,5.02,134.07
496,1,28800,79,7917,3,288,50,5.00,142.53
497,1,28800,73,7282,6,230,50,4.99,127.14
498,1,28800,76,7282,11,296,50,5.02,150.37
499,0,6684,14,1396,13,300,50,4.96,54.62
500,1,28800,64,6208,2,202,50,5.01,119.82
501,1,28800,64,6696,4,238,50,4.99,122.67
502,1,28800,76,8279,7,292,50,5.01,131.70
503,0,9602,24,2536,16,300,50,4.96,89.88
504,1,28800,61,5657,4,145,50,4.97,111.47
505,1,28800,58,6128,3,262,50,5.03,131.29
506,1,28800,54,5324,8,280,50,4.97,93.12
507,1,28800,77,7735,10,241,50,5.01,137.70
508,0,3696,11,1014,6,300,50,5.04,42.44
509,1,28800,63,6430,6,271,50,4.98,125.28
510,0,11993,32,2874,6,300,50,4.99,89.27
511,1,28800,62,6175,1,242,50,5.01,130.63
512,0,1352,7,709,5,300,50,4.97,31.13
513,1,28800,64,6416,3,263,50,5.00,112.65
514,1,28800,74,7321,3,290,50,5.01,123.42
515,1,28800,63,6306,1,226,50,4.99,110.86
516,0,9583,27,2753,15,300,50,4.99,93.51
517,1,28800,77,7777,4,235,50,5.00,131.90
518,1,28800,65,6734,2,238,50,5.00,140.16
519,1,28800,58,5917,6,182,50,5.03,93.29
520,0,27583,64,6378,3,300,50,5.00,119.05
521,1,28800,64,6264,2,242,50,5.03,83.58
522,0,5383,15,1504,1,300,50,4.95,64.57
523,1,28800,73,7392,12,258,50,5.02,165.88
524,1,28800,62,6274,4,297,50,5.00,109.45
525,1,28800,68,6408,6,242,50,5.03,116.03
526,1,28800,47,4759,1,230,50,5.00,87.06
527,0,10484,23,2327,1,300,50,4.98,64.01
528,1,28800,62,5866,6,208,50,4.97,124.90
529,1,28800,67,6764,3,288,50,5.00,160.24
530,1,28800,60,5655,7,168,50,4.98,99.71
531,1,28800,56,5590,9,202,50,5.00,120.62
532,1,28800,66,6522,6,227,50,4.99,143.39
533,0,7774,21,1969,6,300,50,4.92,64.86
534,1,28800,68,7017,7,271,50,5.02,96.38
535,0,15179,38,3640,8,300,50,5.02,115.35
536,0,13389,18,1532,6,300,50,5.05,44.25
537,0,27683,54,5624,4,300,50,5.03,157.26
538,1,28800,52,5447,3,244,50,5.00,136.50
539,0,3101,6,629,9,300,50,5.24,28.33
540,1,28800,51,4797,2,241,50,4.99,102.39
541,1,28800,52,4997,31,148,50,5.01,117.68
542,1,28800,70,6931,24,166,50,5.00,162.60
543,1,28800,64,6407,2,216,50,5.01,103.21
544,1,28800,84,8496,7,296,50,5.01,130.46
545,1,28800,48,4991,1,186,50,4.98,98.06
546,0,4089,8,800,16,300,50,5.00,31.96
547,1,28800,77,7738,2,245,50,4.99,117.46
548,0,5083,19,1886,36,300,50,5.02,61.67
549,0,13125,32,3449,18,300,50,5.02,87.67
550,1,28800,54,5259,13,252,50,5.01,130.38
551,1,28800,70,7077,3,163,50,4.99,134.00
552,0,20565,55,5423,3,300,50,4.99,150.82
553,1,28800,57,5928,4,297,50,5.01,139.09
554,0,4423,18,1827,17,300,50,4.98,63.61
555,1,28800,51,5016,13,203,50,5.06,101.01
556,0,10289,20,2162,17,300,50,5.02,61.61
557,1,28800,59,6177,25,230,50,4.98,158.64
558,1,28800,71,7004,1,286,50,5.03,151.05
559,1,28800,56,5410,9,194,50,5.05,117.28
560,1,28800,78,7281,15,190,50,4.98,130.61
561,0,23803,53,5640,16,300,50,5.02,112.87
562,0,5486,18,1852,15,300,50,4.94,43.40
563,1,28800,50,5144,15,186,50,4.97,118.69
564,0,19832,46,4665,10,300,50,5.02,130.07
565,0,19720,55,5870,15,300,50,5.00,100.35
566,0,23441,60,6081,7,300,50,4.97,102.68
567,0,1388,11,1087,5,300,50,5.09,43.59
568,0,16245,39,3802,3,300,50,4.97,79.91
569,1,28800,58,5836,13,169,50,5.01,99.88
570,0,20509,53,5080,8,300,50,4.99,120.81
571,1,28800,62,6067,2,209,50,5.05,108.72
572,1,28800,58,5981,2,206,50,5.01,139.25
573,0,8944,27,2708,10,300,50,4.93,73.48
574,0,19076,43,4384,9,300,50,5.01,76.24
575,0,3053,10,1122,39,300,50,5.11,49.30
576,1,28800,67,6590,8,165,50,5.03,149.45
577,0,8022,15,1668,1,300,50,5.02,59.45
578,1,28800,70,6897,3,251,50,5.00,136.01
579,1,28800,59,5702,5,223,50,4.99,106.04
580,1,28800,53,5192,13,146,50,5.01,108.44
581,1,28800,64,6555,1,266,50,5.03,113.70
582,0,26316,75,7827,1,300,50,4.97,140.92
583,1,28800,65,6433,1,230,50,5.01,147.12
584,1,28800,72,6852,16,249,50,5.01,126.03
585,1,28800,62,6161,7,203,50,5.02,167.62
586,1,28800,66,6363,3,227,50,5.01,107.48
587,0,19508,53,5226,6,300,50,5.04,108.92
588,0,18316,36,3439,1,300,50,4.99,85.18
589,1,28800,60,6229,10,289,50,5.00,117.58
590,1,28800,54,5418,14,168,50,5.00,140.27
591,1,28800,84,8258,4,236,50,4.99,207.40
592,1,28800,74,7075,13,256,50,4.97,109.80
593,0,522,5,496,7,300,50,5.02,18.12
594,1,28800,64,6596,12,209,50,4.96,122.22
595,1,28800,48,4970,17,193,50,4.97,89.13
596,1,28800,55,5476,14,165,50,4.97,109.16
597,1,28800,58,5816,7,277,50,4.99,144.85
598,1,28800,67,6709,20,256,50,5.02,94.53
599,0,4337,6,823,61,300,50,5.06,38.55
600,0,8535,14,1410,6,300,50,5.00,51.11
601,0,18425,31,3160,7,300,50,5.02,86.13
602,1,28800,44,4509,8,223,50,5.04,116.99
603,1,28800,63,6149,17,228,50,5.01,105.91
604,0,24040,65,6217,4,300,50,5.02,100.98
605,0,8452,26,2665,12,300,50,4.98,80.75
606,1,28800,58,5717,1,239,50,5.02,87.49
607,1,28800,74,7042,5,184,50,4.97,143.21
608,0,13354,30,3154,21,300,50,5.01,86.76
609,1,28800,52,5038,2,182,50,5.02,98.47
610,1,28800,59,5761,21,179,50,5.02,104.98
611,1,28800,54,5160,1,222,50,4.98,89.39
612,0,22384,46,4815,17,300,50,5.00,145.46
613,1,28800,60,6079,1,259,50,5.00,88.77
614,1,28800,62,6071,13,225,50,4.99,162.35
615,0,1961,9,806,7,300,50,5.00,31.89
616,1,28800,61,5720,11,194,50,4.99,109.51
617,1,28800,68,7097,2,288,50,5.00,140.26
618,1,28800,65,6384,6,187,50,5.01,132.81
619,0,3829,9,1047,9,300,50,5.08,49.85
620,1,28800,65,6557,1,285,50,5.02,106.26
621,0,25562,58,5836,1,300,50,4.99,148.89
622,0,4350,14,1563,5,300,50,4.99,57.61
623,1,28800,64,5997,2,196,50,4.99,168.52
624,1,28800,59,5816,4,297,50,5.01,112.30
625,1,28800,48,4689,7,253,50,5.01,86.89
626,1,28800,64,6454,2,218,50,5.00,117.08
627,1,28800,62,6508,14,268,50,5.00,151.19
628,1,28800,56,5586,4,168,50,5.00,128.61
629,1,28800,71,7118,11,197,50,4.99,118.25
630,1,28800,66,6602,8,261,50,5.03,131.44
631,0,27265,58,5554,6,300,50,4.99,152.79
632,1,28800,70,7065,5,282,50,5.04,99.39
633,0,10342,20,1991,32,300,50,4.98,67.97
634,1,28800,54,5198,5,152,50,4.99,105.14
635,1,28800,56,5555,4,230,50,5.02,142.66
636,1,28800,61,5928,25,199,50,4.99,106.14
637,1,28800,48,4985,2,218,50,4.99,121.19
638,1,28800,58,5603,4,189,50,5.02,107.83
639,0,28407,67,7056,4,300,50,5.00,127.62
640,1,28800,51,4914,6,237,50,5.01,113.18
641,1,28800,61,6106,6,240,50,4.99,151.10
642,0,21826,59,5636,3,300,50,5.02,113.07
643,1,28800,68,6365,3,162,50,5.00,138.67
644,1,28800,65,7041,3,244,50,4.98,131.89
645,0,4124,12,1228,4,300,50,5.11,52.03
646,1,28800,69,6976,21,228,50,4.98,99.37
647,1,28800,64,6557,2,291,50,4.98,124.76
648,1,28800,62,6181,7,290,50,4.99,106.51
649,1,28800,60,5984,4,251,50,4.99,116.83
650,1,28800,53,5253,18,186,50,4.99,133.93
651,0,21571,59,5960,6,300,50,4.98,130.18
652,1,28800,61,6147,4,261,50,4.97,105.19
653,0,23701,44,4611,7,300,50,4.97,124.69
654,0,1035,6,595,66,300,50,5.01,35.81
655,1,28800,75,7435,1,216,50,5.00,138.75
656,1,28800,63,6277,17,230,50,5.00,116.82
657,1,28800,68,6999,6,254,50,5.00,83.20
658,1,28800,66,6426,2,261,50,4.97,129.97
659,1,28800,63,6354,25,296,50,4.99,115.43
660,1,28800,58,6098,5,249,50,5.01,121.47
661,1,28800,63,6367,1,246,50,4.99,105.89
662,0,1760,11,1026,1,300,50,5.04,54.83
663,0,2796,12,1124,5,300,50,4.99,39.75
664,0,12026,29,2735,14,300,50,5.01,72.43
665,1,28800,71,6844,4,241,50,5.01,163.19
666,1,28800,44,4047,46,149,50,5.05,62.44
667,1,28800,70,6669,1,239,50,4.99,138.92
668,0,17586,41,3974,11,300,50,5.00,81.96
669,1,28800,69,6920,2,265,50,5.02,157.39
670,1,28800,63,6049,1,258,50,5.00,78.39
671,1,28800,55,5719,1,217,50,5.02,119.86
672,1,28800,66,6296,9,289,50,4.98,139.23
673,1,28800,67,6324,9,253,50,5.02,121.53
674,1,28800,52,5663,24,194,50,5.02,102.09
675,1,28800,58,5989,13,248,50,4.98,131.74
676,1,28800,64,6396,6,218,50,5.00,68.01
677,0,11700,20,2189,22,300,50,4.98,59.00
678,1,28800,65,6219,9,208,50,5.03,112.46
679,1,28800,56,5624,5,247,50,5.02,125.92
680,1,28800,60,5758,1,206,50,4.99,99.63
681,1,28800,63,6171,12,210,50,5.04,168.52
682,1,28800,59,5643,10,179,50,5.01,129.73
683,1,28800,69,6713,13,280,50,5.01,124.54
684,0,1869,9,748,8,300,50,4.90,26.75
685,0,11008,29,2812,26,300,50,4.99,69.21
686,1,28800,53,5327,17,286,50,4.98,101.64
687,1,28800,66,6868,4,250,50,4.96,162.55
688,1,28800,52,5381,15,201,50,4.98,111.66
689,0,28312,69,6870,8,300,50,5.03,120.45
690,1,28800,63,6463,8,221,50,5.02,122.71
691,1,28800,60,6030,3,265,50,4.98,133.85
692,1,28800,71,6892,3,210,50,5.02,102.62
693,0,27102,79,8074,1,300,50,4.99,145.49
694,0,20362,41,4291,1,300,50,5.04,128.19
695,1,28800,65,6146,2,160,50,4.98,111.29
696,1,28800,57,5961,1,200,50,5.00,91.39
697,1,28800,63,6321,2,233,50,5.04,164.11
698,0,4218,8,792,11,300,50,4.94,39.90
699,1,28800,60,6034,3,230,50,4.99,115.26
700,1,28800,61,6064,2,238,50,5.01,126.49
701,1,28800,62,5731,2,210,50,5.02,146.99
702,0,20219,43,4505,22,300,50,5.00,121.92
703,0,20428,53,5264,8,300,50,5.00,138.35
704,0,1390,6,603,10,300,50,4.97,27.02
705,0,9687,31,3166,5,300,50,5.05,69.62
706,1,28800,62,6119,7,222,50,4.99,109.84
707,0,15246,34,3214,16,300,50,5.04,84.74
708,1,28800,75,7790,6,243,50,5.01,136.97
709,0,22334,49,4957,2,300,50,4.98,92.88
710,1,28800,62,6071,3,207,50,5.01,89.53
711,1,28800,52,5396,7,258,50,5.00,147.55
712,0,15548,47,5035,8,300,50,4.97,120.34
713,1,28800,65,6591,13,223,50,5.04,144.59
714,1,28800,61,6205,3,230,50,5.02,71.99
715,1,28800,72,7075,1,245,50,5.00,154.48
716,1,28800,57,5852,5,279,50,5.00,105.27
717,1,28800,56,5710,12,234,50,5.01,117.93
718,1,28800,71,7497,11,281,50,4.97,182.48
719,1,28800,57,5682,5,232,50,4.99,143.87
720,0,7586,19,2092,7,300,50,5.04,78.48
721,1,28800,66,6780,7,274,50,5.01,94.13
722,0,22150,50,4911,16,300,50,5.02,112.62
723,0,21690,48,4828,2,300,50,4.99,113.84
724,1,28800,71,6684,11,264,50,5.00,156.38
725,1,28800,53,5507,10,272,50,4.99,144.50
726,1,28800,65,5984,6,235,50,5.00,102.08
727,0,15895,36,3804,12,300,50,4.98,100.80
728,1,28800,55,5095,22,224,50,4.99,136.28
729,0,13830,37,3846,6,300,50,4.97,62.02
730,1,28800,64,6567,5,181,50,5.01,127.15
731,1,28800,47,4685,39,204,50,5.02,131.81
732,1,28800,62,6136,1,283,50,4.99,105.05
733,1,28800,62,6466,19,271,50,5.02,121.40
734,1,28800,60,6067,5,223,50,5.01,137.35
735,1,28800,70,7109,13,249,50,5.01,127.82
736,0,9452,25,2487,1,300,50,5.05,86.87
737,1,28800,64,6532,2,204,50,4.99,109.07
738,1,28800,71,7022,11,300,50,5.00,125.82
739,1,28800,64,6213,7,235,50,5.02,96.47
740,1,28800,65,6734,5,234,50,5.03,115.31
741,1,28800,61,6153,2,182,50,4.99,106.11
742,1,28800,59,5906,24,154,50,4.99,165.38
743,0,356,4,440,64,300,50,5.14,21.64
744,1,28800,70,7074,7,250,50,5.03,153.23
745,1,28800,73,7491,2,275,50,4.98,151.87
746,0,27182,63,6367,2,300,50,5.01,145.69
747,1,28800,74,7431,9,236,50,4.99,152.95
748,1,28800,56,5574,25,196,50,5.01,93.12
749,1,28800,60,6111,2,211,50,4.98,152.98
750,1,28800,49,4956,2,197,50,4.99,113.04
751,1,28800,62,5925,9,198,50,5.01,117.71
752,1,28800,67,6584,10,193,50,4.98,139.89
753,0,12988,34,3538,3,300,50,5.03,92.47
754,0,8721,20,2096,2,300,50,5.02,68.75
755,0,17767,54,5401,6,300,50,4.99,121.28
756,1,28800,63,6313,9,251,50,4.98,160.54
757,1,28800,54,5476,2,205,50,4.99,129.48
758,1,28800,56,5405,4,174,50,4.99,119.07
759,1,28800,50,5049,3,270,50,5.01,138.65
760,1,28800,59,6276,6,187,50,5.02,134.96
761,1,28800,71,7146,3,276,50,4.98,124.56
762,0,10259,34,3462,6,300,50,4.96,87.29
763,1,28800,83,8242,3,260,50,5.00,117.61
764,0,4549,19,1974,23,300,50,5.02,65.14
765,1,28800,67,6250,6,146,50,4.97,135.58
766,0,13156,34,3582,7,300,50,4.98,105.82
767,0,8634,24,2282,15,300,50,5.05,71.44
768,1,28800,56,5432,16,246,50,5.02,97.76
769,0,8964,27,2560,12,300,50,5.02,76.89
770,1,28800,56,5335,5,162,50,4.99,99.66
771,1,28800,55,5475,19,233,50,5.00,116.16
772,0,17682,53,5268,6,300,50,5.01,124.52
773,1,28800,49,4770,19,141,50,4.98,100.21
774,1,28800,56,5283,10,280,50,4.99,115.55
775,1,28800,63,6616,3,283,50,4.99,103.83
776,1,28800,63,6467,3,221,50,4.95,142.92
777,1,28800,70,6844,2,266,50,5.00,114.11
778,0,9746,28,2993,15,300,50,5.02,85.86
779,1,28800,66,6283,14,244,50,5.02,116.82
780,1,28800,68,6889,3,298,50,5.00,98.40
781,0,20288,38,3879,3,300,50,5.00,115.68
782,1,28800,52,5152,7,266,50,5.02,141.89
783,0,22340,56,5196,6,300,50,5.04,103.69
784,1,28800,67,6902,7,239,50,5.01,141.34
785,1,28800,56,5675,3,286,50,5.00,89.48
786,1,28800,64,6410,10,256,50,5.01,114.01
787,1,28800,74,7179,1,298,50,4.98,96.05
788,1,28800,68,6419,1,284,50,4.99,142.71
789,1,28800,66,6516,21,175,50,4.96,104.89
790,0,4317,11,1030,2,300,50,5.08,41.19
791,0,14341,34,3299,43,300,50,5.00,91.31
792,1,28800,43,4360,18,194,50,5.01,86.26
793,0,5413,18,1853,9,300,50,4.99,63.83
794,1,28800,54,5329,1,283,50,5.02,100.97
795,0,21534,50,5139,5,300,50,4.99,116.96
796,1,28800,57,5591,14,267,50,4.97,87.09
797,1,28800,57,5933,8,223,50,4.99,99.03
798,1,28800,66,6535,2,239,50,5.00,119.25
799,0,1166,7,775,11,300,50,4.96,34.53
800,1,28800,64,6623,7,214,50,5.00,140.59
801,1,28800,67,6676,6,221,50,5.00,125.39
802,0,27968,65,6287,12,300,50,4.99,133.95
803,0,4927,16,1735,4,300,50,4.99,53.81
804,1,28800,50,5156,2,247,50,5.00,117.15
805,1,28800,56,6111,2,246,50,5.02,97.30
806,0,6269,16,1593,27,300,50,5.02,58.95
807,0,20845,60,6186,9,300,50,5.02,96.70
808,1,28800,69,6464,6,293,50,4.99,148.69
809,1,28800,70,7053,4,175,50,5.01,110.73
810,1,28800,56,5445,4,221,50,4.99,115.96
811,0,3723,8,837,31,300,50,4.92,36.20
812,1,28800,60,5833,6,194,50,5.02,135.62
813,1,28800,70,6972,8,257,50,5.00,146.12
814,0,22017,53,5261,6,300,50,5.02,99.44
815,1,28800,71,6860,3,258,50,5.00,130.12
816,0,10363,22,2290,48,300,50,4.99,62.94
817,1,28800,55,5641,31,174,50,5.00,111.05
818,0,28361,73,7418,1,300,50,5.02,128.81
819,0,3941,14,1408,3,300,50,5.03,59.13
820,0,2977,7,675,12,300,50,5.01,28.40
821,1,28800,56,5807,17,208,50,4.99,135.91
822,0,8433,20,2006,30,300,50,5.03,62.25
823,1,28800,60,5775,20,258,50,5.02,133.77
824,1,28800,60,6345,4,240,50,5.03,123.77
825,1,28800,64,6440,7,221,50,4.97,125.73
826,0,1645,8,820,12,300,50,5.06,39.45
827,1,28800,54,5286,24,156,50,5.01,119.72
828,1,28800,58,6066,10,173,50,4.98,100.72
829,0,839,4,485,36,300,50,4.93,20.29
830,0,3488,9,890,24,300,50,5.02,34.53
831,1,28800,79,8454,5,238,50,5.02,177.00
832,1,28800,70,6692,1,260,50,5.02,135.73
833,0,6329,27,2625,1,300,50,5.08,82.64
834,0,27208,71,6682,1,300,50,4.99,150.07
835,1,28800,60,6036,40,220,50,5.01,111.51
836,1,28800,56,5674,9,199,50,5.00,108.82
837,0,4651,13,1124,10,300,50,5.00,39.91
838,1,28800,65,6753,6,254,50,5.01,150.92
839,0,305,4,520,69,300,50,5.08,23.94
840,1,28800,56,5700,5,181,50,4.98,164.07
841,1,28800,72,7580,5,269,50,5.02,176.88
842,1,28800,71,6875,1,258,50,4.97,124.86
843,1,28800,56,5607,21,153,50,5.02,110.82
844,1,28800,70,6920,1,287,50,4.99,116.43
845,1,28800,68,6715,11,231,50,5.01,172.35
846,1,28800,62,6079,1,284,50,5.02,112.64
847,1,28800,74,7696,1,285,50,4.99,165.84
848,0,5970,12,1321,47,300,50,5.01,60.80
849,1,28800,72,7248,2,287,50,5.00,136.84
850,0,21957,46,4698,13,300,50,4.99,101.08
851,1,28800,79,7538,1,240,50,4.99,132.55
852,0,27078,64,6812,7,300,50,5.02,153.30
853,0,22879,58,5746,2,300,50,4.98,138.02
854,1,28800,55,5689,5,246,50,4.97,106.12
855,1,28800,61,6213,6,254,50,5.00,152.50
856,1,28800,64,6476,2,288,50,5.02,106.82
857,1,28800,56,5443,1,271,50,5.00,125.27
858,1,28800,66,6321,2,243,50,4.99,144.52
859,1,28800,61,6243,14,229,50,5.03,107.18
860,1,28800,55,5254,8,224,50,5.00,89.65
861,1,28800,63,6042,8,284,50,5.01,98.91
862,1,28800,58,5624,19,187,50,5.02,87.18
863,0,13117,33,3204,3,300,50,4.97,97.07
864,1,28800,53,5403,12,266,50,5.03,89.86
865,1,28800,74,7336,2,215,50,4.99,110.61
866,1,28800,50,5102,7,221,50,5.00,106.81
867,0,14849,37,3728,1,300,50,4.99,79.51
868,1,28800,61,6044,3,210,50,5.01,121.43
869,1,28800,56,5858,1,250,50,4.99,121.19
870,0,20515,41,4174,2,300,50,5.02,93.93
871,1,28800,74,6970,2,210,50,5.02,108.96
872,1,28800,64,5984,8,232,50,4.99,131.98
873,0,840,5,538,19,300,50,4.97,22.48
874,0,11776,30,3278,11,300,50,5.03,74.27
875,1,28800,68,6529,5,254,50,4.97,133.37
876,1,28800,74,7089,11,191,50,5.01,130.59
877,1,28800,57,5672,8,184,50,5.00,141.51
878,1,28800,65,6763,14,259,50,5.00,138.96
879,0,5378,20,2002,2,300,50,5.04,59.59
880,0,21308,46,4734,2,300,50,5.00,95.66
881,1,28800,63,6286,13,231,50,5.00,127.05
882,1,28800,61,6515,12,277,50,4.99,132.35
883,1,28800,71,6956,3,224,50,4.99,125.07
884,1,28800,70,7328,2,263,50,5.01,156.07
885,1,28800,71,6865,10,280,50,4.99,128.88
886,1,28800,55,5528,7,246,50,5.00,106.19
887,1,28800,61,6047,6,249,50,4.98,127.37
888,1,28800,67,6516,22,259,50,4.99,109.81
889,1,28800,69,7044,4,263,50,5.00,153.09
890,1,28800,65,6323,1,234,50,4.97,151.68
891,1,28800,59,6059,4,246,50,5.01,97.17
892,1,28800,65,6453,6,277,50,5.01,128.15
893,0,26754,63,6416,12,300,50,5.06,136.80
894,1,28800,51,5292,5,281,50,4.98,133.53
895,1,28800,67,6677,1,292,50,5.03,108.66
896,0,21709,51,5293,1,300,50,5.02,102.92
897,0,10582,31,2758,3,300,50,4.98,82.34
898,1,28800,67,6696,19,180,50,5.02,142.03
899,1,28800,75,7147,4,291,50,4.99,91.69
900,1,28800,56,5497,5,251,50,4.98,123.93
901,0,9632,21,2266,34,300,50,5.01,79.27
902,1,28800,67,6927,1,261,50,5.02,136.21
903,1,28800,67,6841,5,171,50,4.97,96.62
904,1,28800,71,7017,8,237,50,4.99,157.17
905,1,28800,65,6469,18,239,50,5.02,161.15
906,0,2856,8,717,14,300,50,5.07,39.06
907,0,23869,50,5057,2,300,50,5.01,106.64
908,0,4781,17,1512,2,300,50,5.05,59.94
909,1,28800,69,6307,15,264,50,4.99,91.33
910,1,28800,52,4870,9,229,50,5.01,109.71
911,0,11696,31,2972,5,300,50,4.98,62.42
912,0,8790,23,2412,3,300,50,4.98,58.10
913,0,22498,50,5213,1,300,50,5.00,142.78
914,1,28800,62,6083,13,245,50,5.02,129.45
915,1,28800,49,4642,53,148,50,5.01,118.17
916,1,28800,45,4704,24,246,50,5.04,100.41
917,1,28800,57,5520,16,204,50,4.99,125.38
918,1,28800,67,6665,12,274,50,5.03,136.93
919,1,28800,58,5850,3,276,50,4.98,102.59
920,1,28800,71,6804,7,241,50,5.02,144.04
921,1,28800,57,5882,18,242,50,5.01,98.28
922,1,28800,55,5744,7,243,50,5.01,122.85
923,1,28800,75,7551,1,247,50,5.00,97.41
924,1,28800,71,7045,1,272,50,4.99,119.50
925,1,28800,64,6335,4,283,50,4.98,140.70
926,1,28800,55,5157,13,215,50,4.99,138.41
927,1,28800,73,7502,7,273,50,4.99,121.96
928,1,28800,69,6661,10,243,50,5.02,150.81
929,1,28800,61,6053,13,265,50,4.98,107.77
930,1,28800,62,6024,8,171,50,4.98,71.88
931,0,15661,37,3565,4,300,50,5.03,77.85
932,1,28800,65,6078,5,203,50,5.01,141.50
933,0,16241,35,3238,10,300,50,5.03,84.41
934,0,14835,41,4014,11,300,50,4.98,112.30
935,0,14580,37,3955,9,300,50,5.01,95.97
936,0,12013,27,2784,4,300,50,4.99,86.32
937,1,28800,57,5791,4,251,50,4.98,119.60
938,0,24180,47,4470,9,300,50,5.05,118.63
939,1,28800,68,6391,8,263,50,5.02,145.42
940,1,28800,61,5720,13,235,50,5.01,97.56
941,1,28800,63,6355,2,280,50,4.99,117.30
942,0,19427,39,4178,14,300,50,4.94,119.97
943,1,28800,55,5497,23,232,50,5.00,91.00
944,1,28800,62,6321,27,151,50,4.99,127.49
945,1,28800,67,6640,4,265,50,4.97,124.83
946,1,28800,59,5576,1,166,50,5.01,117.97
947,1,28800,75,7728,2,242,50,4.98,119.25
948,0,11239,22,2148,9,300,50,5.03,58.35
949,0,6290,16,1626,15,300,50,5.00,55.59
950,1,28800,67,6601,4,269,50,5.00,140.13
951,1,28800,62,6289,6,232,50,5.02,93.41
952,0,22818,72,7022,3,300,50,5.05,144.18
953,0,25710,48,4733,4,300,50,4.99,126.00
954,1,28800,68,7074,6,260,50,4.99,139.64
955,1,28800,65,6648,14,281,50,4.99,144.16
956,1,28800,57,5561,14,290,50,4.98,121.90
957,1,28800,69,6635,3,278,50,4.98,132.52
958,1,28800,63,6195,13,251,50,5.00,134.39
959,1,28800,61,6039,3,189,50,4.97,113.43
960,1,28800,63,6225,7,220,50,5.00,120.40
961,0,26431,71,7378,3,300,50,5.04,127.54
962,0,3158,10,998,4,300,50,5.03,41.66
963,0,28026,63,6333,1,300,50,5.02,114.69
964,1,28800,66,6435,2,203,50,5.01,113.62
965,1,28800,74,7267,22,286,50,4.96,143.02
966,1,28800,70,6853,8,213,50,4.98,131.95
967,1,28800,57,5585,9,288,50,5.00,90.42
968,0,16276,39,4113,3,300,50,4.99,126.93
969,0,6787,17,1712,18,300,50,4.97,48.10
970,1,28800,58,5834,8,246,50,5.02,129.86
971,1,28800,74,7429,2,251,50,5.00,126.05
972,1,28800,62,6570,3,163,50,5.02,141.58
973,0,23500,62,6193,14,300,50,5.06,91.86
974,1,28800,75,7688,7,266,50,5.01,91.03
975,1,28800,55,5541,11,249,50,5.02,123.56
976,0,6891,15,1663,17,300,50,4.93,71.11
977,1,28800,66,6646,3,287,50,5.02,134.38
978,0,20249,49,4954,11,300,50,5.01,57.34
979,1,28800,76,7391,4,252,50,5.03,107.32
980,1,28800,65,6661,3,220,50,5.00,114.18
981,0,13382,33,3294,1,300,50,5.04,77.50
982,1,28800,51,4899,7,217,50,5.00,105.74
983,1,28800,58,5619,6,242,50,5.04,125.29
984,1,28800,61,6256,1,236,50,5.01,119.13
985,0,3771,12,1253,14,300,50,5.00,45.24
986,1,28800,56,5183,9,224,50,4.98,114.71
987,0,22278,61,6524,12,300,50,5.01,124.02
988,1,28800,59,5882,6,281,50,5.00,94.77
989,0,24058,63,6228,19,300,50,5.03,140.78
990,0,12278,34,3403,7,300,50,4.98,83.79
991,1,28800,59,5503,4,224,50,4.99,147.34
992,1,28800,65,6438,6,280,50,5.00,117.20
993,1,28800,65,6441,3,190,50,4.98,134.38
994,1,28800,67,6602,4,178,50,5.03,111.59
995,0,18289,61,5954,10,300,50,4.99,115.13
996,1,28800,62,6488,9,254,50,4.99,162.65
997,1,28800,53,5210,2,252,50,5.00,144.13
998,1,28800,69,7162,3,258,50,4.99,136.87
999,1,28800,65,6425,4,188,50,5.00,141.31
1000,0,16430,43,4204,1,300,50,5.01,89.37
